<?xml version="1.0" encoding="UTF-8"?>
<project-private xmlns="http://www.netbeans.org/ns/project-private/1">
    <editor-bookmarks xmlns="http://www.netbeans.org/ns/editor-bookmarks/2" lastBookmarkId="0"/>
    <open-files xmlns="http://www.netbeans.org/ns/projectui-open-files/2">
        <group>
            <file>file:/C:/Users/andre/Documents/NetBeansProjects/SpotifyXela/src/spotifyxela/biblioteca.java</file>
            <file>file:/C:/Users/andre/Documents/NetBeansProjects/SpotifyXela/src/spotifyxela/SpotifyXela.java</file>
            <file>file:/C:/Users/andre/Documents/NetBeansProjects/SpotifyXela/src/spotifyxela/Reproductor.java</file>
            <file>file:/C:/Users/andre/Documents/NetBeansProjects/SpotifyXela/src/spotifyxela/Agregar.java</file>
            <file>file:/C:/Users/andre/Documents/NetBeansProjects/SpotifyXela/src/spotifyxela/Spotify.java</file>
            <file>file:/C:/Users/andre/Documents/NetBeansProjects/SpotifyXela/src/spotifyxela/Cancion.java</file>
        </group>
    </open-files>
</project-private>
